idContenido,titulo,tipo,genero,fecha,activo
2,Inception,Pelicula,Ciencia Ficcion,2026-02-02 05:15:57,1
4,The Office,Serie,Comedia,2026-02-02 05:16:01,1
12,Friends,Serie,Comedia,2026-02-02 05:16:06,1
15,El Exorcista,Pelicula,Terror,2026-02-02 05:16:10,1
6,Stranger Things,Serie,Ciencia Ficcion,2026-02-02 05:16:13,1
7,Titanic,Pelicula,Romance,2026-02-02 05:16:19,1
18,Coco,Pelicula,Animacion,2026-02-02 05:16:38,1
9,Spider-Man,Pelicula,Accion,2026-02-02 05:18:38,1
11,The Dark Knight,Pelicula,Accion,2026-02-02 05:26:10,1
